{
    "someone": 1794271337,
    "slide": 1917366740.6820364,
    "dark": "however",
    "substance": {
      "wealth": 1174622014,
      "needs": 1045740936,
      "love": false,
      "place": [
        "reason",
        false,
        "pain",
        "stove",
        false,
        false,
        "thank",
        false,
        1312595752,
        "identity",
        "such",
        "try",
        "simplest",
        false,
        false,
        -74516630.19845057,
        "certain",
        "swimming",
        2042844988,
        "grabbed",
        false,
        -2078604053.5433674,
        1373090049,
        -822409970.4919887,
        true,
        -111472615.25488901,
        -599905162.6849608,
        "brief",
        "think",
        true,
        true,
        false,
        "box",
        "glad",
        -947049023
      ],
      "paper": -961407510,
      "from": true,
      "labor": "is",
      "saved": true,
      "electricity": true,
      "mile": -209140164.16875553,
      "activity": "tail",
      "threw": false,
      "mathematics": "dirt",
      "stay": -1478129794,
      "concerned": false,
      "log": "satisfied",
      "offer": "forward",
      "arrangement": 1043877955.0897145,
      "larger": true,
      "real": false,
      "camera": "headed",
      "laid": -1203579853,
      "dot": true,
      "quite": "nobody",
      "perfect": "advice",
      "mark": -1284776653,
      "topic": 1423218063.5092473,
      "instead": "it",
      "hall": "stiff",
      "steam": false,
      "sat": "local",
      "meat": -1420390718.3875747,
      "snake": false,
      "judge": -95507770,
      "vegetable": "orbit"
    },
    "bank": true,
    "pressure": true,
    "music": 2116868816.8880553,
    "ball": "problem",
    "region": false,
    "appropriate": "form",
    "post": -1585298728.026473,
    "pour": 1053396920,
    "bare": "when",
    "classroom": "thousand",
    "inside": true,
    "seed": false,
    "hardly": "care",
    "married": true,
    "sport": 343661992,
    "replace": "thank",
    "height": 1219550851.4459877,
    "hour": -561592682,
    "same": "drawn",
    "potatoes": "specific",
    "happily": "real",
    "notice": "dawn",
    "husband": false,
    "anywhere": "settle",
    "earn": "follow",
    "directly": -1381412691.830369,
    "friendly": -1117825890.7928405,
    "month": true,
    "lot": true,
    "end": "cool",
    "consonant": "easy"
  }